Thousands,Total_Total,Total_Males,Total_Females,Below30Years_Total,Below30Years_Males,Below30Years_Females,30_39Years_Total,30_39Years_Males,30_39Years_Females,40_49Years_Total,40_49Years_Males,40_49Years_Females,50YearsandOver_Total,50YearsandOver_Males,50YearsandOver_Females
Total,2113.9,1157.6,956.3,361.4,188,173.4,497,253.8,243.3,519.2,280.7,238.5,736.2,435,301.2
Public Bus Only,347.3,152.4,194.9,66.5,33.3,33.2,64,25.9,38,73.2,28.3,44.8,143.6,64.9,78.8
MRT Only,252,108.3,143.7,63.8,28.5,35.4,71.3,30.1,41.2,55.9,22.7,33.2,61,27.1,33.9
MRT & Public Bus Only,517.4,245.8,271.6,138.7,70.7,68,127.7,58.1,69.7,108.4,47.8,60.6,142.6,69.2,73.4
Other combinations of MRT or Public Bus,113.5,57.3,56.2,19.6,9.3,10.4,35.4,17.2,18.2,30.9,16,14.9,27.5,14.8,12.7
Taxi Only,28.4,15,13.4,4.6,1.8,2.8,8.2,3.6,4.6,8,4.4,3.6,7.6,5.2,2.4
Car Only,469.4,319.3,150.1,31.8,18.9,12.9,122.1,77.5,44.6,150,101.7,48.2,165.5,121.2,44.3
Private Chartered Bus/Van Only,58.1,36.9,21.2,5.3,3,2.3,13.4,7.9,5.5,16.4,10.7,5.7,23,15.4,7.6
Lorry/Pickup Only,42.8,38.4,4.4,2,1.8,0.2,5.3,4.6,0.7,9.4,8.2,1.2,26.1,23.8,2.3
Motorcycle/Scooter Only,72.9,68.5,4.4,14.8,13.9,0.9,16,14.6,1.5,16.8,15.8,1,25.3,24.2,1.1
Others,31.8,22.6,9.2,2.8,1.7,1,6.3,3.6,2.8,7.6,5.7,1.9,15.1,11.5,3.5
No Transport Required,180.3,93.2,87.1,11.4,5.2,6.2,27.2,10.7,16.5,42.7,19.5,23.2,99,57.8,41.2
